"Дата","Цена","Откр.","Макс.","Мин.","Объём","Изм. %"
"25.02.2022","18,94","23,94","24,05","17,83","28,27M","-6,79%"
"24.02.2022","20,32","17,96","23,39","14,11","77,40M","-40,31%"
"23.02.2022","34,04","38,70","39,02","34,00","7,74M","-13,65%"
"22.02.2022","39,42","40,52","43,31","38,80","14,95M","-11,91%"
"18.02.2022","44,75","46,70","47,28","44,69","6,90M","-8,56%"
"17.02.2022","48,94","49,80","50,75","48,88","3,07M","-8,66%"
"16.02.2022","53,58","53,00","53,85","51,80","3,19M","2,25%"
"15.02.2022","52,40","49,25","52,79","49,24","8,06M","15,98%"
"14.02.2022","45,18","45,85","46,09","44,48","3,98M","1,73%"
"11.02.2022","44,41","49,06","49,71","44,01","5,92M","-12,89%"
"10.02.2022","50,98","49,21","52,25","49,19","3,21M","0,81%"
"09.02.2022","50,57","50,05","50,82","49,05","2,44M","4,14%"
"08.02.2022","48,56","46,16","48,66","46,00","1,86M","5,59%"
"07.02.2022","45,99","46,07","46,67","45,23","1,68M","-0,37%"
"04.02.2022","46,16","46,01","46,69","45,44","1,91M","0,70%"
"03.02.2022","45,84","46,16","47,11","45,72","2,56M","-4,56%"
"02.02.2022","48,03","49,20","50,12","47,76","3,06M","-1,01%"
"01.02.2022","48,52","48,88","49,15","47,78","2,27M","0,96%"
"31.01.2022","48,06","45,33","48,14","45,30","3,45M","8,22%"
"28.01.2022","44,41","44,05","44,74","43,14","5,18M","3,16%"
"27.01.2022","43,05","45,73","45,73","42,98","7,06M","2,21%"
"26.01.2022","42,12","44,38","45,03","41,64","4,88M","-2,32%"
"25.01.2022","43,12","41,46","44,20","40,65","5,59M","1,46%"
"24.01.2022","42,50","41,11","42,56","39,00","7,67M","-4,43%"
"21.01.2022","44,47","47,80","47,89","44,45","4,19M","-6,97%"
"20.01.2022","47,80","49,41","50,33","47,69","3,60M","-1,12%"
"19.01.2022","48,34","50,88","50,88","48,24","5,95M","-0,72%"
"18.01.2022","48,69","49,26","50,44","48,67","5,56M","-6,97%"
"14.01.2022","52,34","52,91","54,01","50,27","5,55M","-3,98%"
"13.01.2022","54,51","57,48","58,75","54,36","3,89M","-7,58%"
"12.01.2022","58,98","59,31","59,54","58,25","2,09M","1,46%"
"11.01.2022","58,13","57,12","59,01","56,91","3,95M","3,69%"
"10.01.2022","56,06","54,90","56,09","53,94","2,84M","2,60%"
"07.01.2022","54,64","55,32","55,99","54,46","2,53M","-1,23%"
"06.01.2022","55,32","55,27","56,38","54,77","2,46M","-0,04%"
"05.01.2022","55,34","58,41","58,91","55,27","2,33M","-6,55%"
"04.01.2022","59,22","60,17","60,61","58,65","2,13M","-1,95%"
"03.01.2022","60,40","61,29","61,79","60,33","2,07M","-0,17%"
"31.12.2021","60,50","61,55","61,66","60,16","890,50K","-1,37%"
"30.12.2021","61,34","59,71","61,46","59,37","2,03M","2,94%"
"29.12.2021","59,59","60,43","60,50","58,98","1,03M","-1,63%"
"28.12.2021","60,58","60,78","61,25","60,40","757,12K","-0,18%"
"27.12.2021","60,69","60,68","60,83","60,24","1,39M","1,17%"
"23.12.2021","59,99","60,59","60,69","59,30","1,95M","-1,43%"
"22.12.2021","60,86","62,31","62,42","60,57","1,72M","-1,57%"
"21.12.2021","61,83","60,84","62,22","60,78","1,48M","2,50%"
"20.12.2021","60,32","61,03","61,70","60,02","1,27M","-2,99%"
"17.12.2021","62,18","62,19","63,37","61,91","1,90M","-0,59%"
"16.12.2021","62,55","64,06","65,49","61,89","3,01M","2,32%"
"15.12.2021","61,13","61,82","61,83","60,13","1,63M","-1,42%"
"14.12.2021","62,01","61,17","63,07","60,46","1,73M","0,50%"
"13.12.2021","61,70","61,93","62,93","61,31","1,86M","-2,60%"
"10.12.2021","63,35","65,72","65,79","63,23","2,15M","-3,50%"
"09.12.2021","65,65","67,56","67,67","65,37","1,74M","-2,07%"
"08.12.2021","67,04","66,77","67,88","64,72","3,24M","0,04%"
"07.12.2021","67,01","68,57","69,08","66,98","3,72M","-1,60%"
"06.12.2021","68,10","67,89","68,40","67,17","1,33M","-1,87%"
"03.12.2021","69,40","71,54","71,69","68,74","1,88M","-2,34%"
"02.12.2021","71,06","71,69","72,02","70,19","1,36M","-0,15%"
"01.12.2021","71,17","72,60","73,58","71,17","1,67M","-1,07%"
"30.11.2021","71,94","72,60","73,31","71,15","1,99M","-0,08%"
"29.11.2021","72,00","73,43","73,43","71,81","1,36M","2,21%"
"26.11.2021","70,44","71,57","71,64","70,37","1,58M","-4,77%"
"24.11.2021","73,97","74,00","74,89","72,54","1,34M","-1,83%"
"23.11.2021","75,35","75,09","75,63","74,11","2,52M","3,42%"
"22.11.2021","72,86","79,00","79,00","71,32","5,58M","-10,10%"
"19.11.2021","81,05","81,87","83,87","81,00","1,21M","-1,01%"
"18.11.2021","81,88","81,57","82,06","80,87","1,05M","0,13%"
"17.11.2021","81,77","81,31","82,41","80,94","1,63M","0,57%"
"16.11.2021","81,31","81,20","81,35","80,65","464,21K","-0,56%"
"15.11.2021","81,77","83,36","83,42","81,09","730,77K","-0,37%"
"12.11.2021","82,07","81,40","82,33","80,35","2,49M","-1,42%"
"11.11.2021","83,25","82,70","84,69","82,70","890,38K","1,51%"
"10.11.2021","82,01","84,12","84,53","81,96","1,08M","-3,10%"
"09.11.2021","84,63","86,61","86,76","84,49","1,49M","-2,13%"
"08.11.2021","86,47","86,85","87,11","86,16","920,62K","0,46%"
"05.11.2021","86,07","84,95","86,31","83,92","1,49M","2,32%"
"04.11.2021","84,12","84,35","84,80","82,82","933,17K","0,14%"
"03.11.2021","84,00","82,32","84,03","82,24","1,39M","1,31%"
"02.11.2021","82,91","82,13","83,49","81,86","1,07M","0,55%"
"01.11.2021","82,46","83,01","83,54","81,02","1,03M","-0,46%"
"29.10.2021","82,84","82,10","83,10","81,37","1,37M","-0,31%"
"28.10.2021","83,10","79,25","83,55","79,07","2,86M","6,52%"
"27.10.2021","78,01","77,42","79,96","77,00","2,50M","2,28%"
"26.10.2021","76,27","77,54","77,55","76,00","984,89K","-1,01%"
"25.10.2021","77,05","76,36","77,55","76,17","1,33M","1,78%"
"22.10.2021","75,70","76,63","77,03","75,44","847,40K","-0,45%"
"21.10.2021","76,04","76,15","76,19","75,49","716,93K","-0,39%"
"20.10.2021","76,34","77,53","77,53","76,27","983,14K","-0,99%"
"19.10.2021","77,10","77,59","77,60","76,51","1,73M","0,40%"
"18.10.2021","76,79","76,13","76,91","75,79","1,09M","0,79%"
"15.10.2021","76,19","77,23","77,50","76,00","1,19M","-1,26%"
"14.10.2021","77,16","77,96","77,97","76,93","1,07M","0,22%"
"13.10.2021","76,99","77,55","78,28","76,69","1,36M","-0,40%"
"12.10.2021","77,30","77,96","78,63","77,15","1,27M","-0,77%"
"11.10.2021","77,90","78,95","80,12","77,76","903,48K","-2,17%"
"08.10.2021","79,63","79,30","79,89","78,93","782,59K","0,16%"
"07.10.2021","79,50","79,06","80,26","78,99","1,17M","1,24%"
"06.10.2021","78,53","76,06","78,63","75,97","1,25M","1,29%"
"05.10.2021","77,53","76,14","77,97","75,89","1,45M","3,37%"
"04.10.2021","75,00","78,34","78,56","74,94","2,75M","-5,36%"
"01.10.2021","79,25","79,60","80,27","79,22","712,32K","-0,55%"
"30.09.2021","79,69","79,04","80,32","78,97","1,07M","0,94%"
"29.09.2021","78,95","80,02","80,08","78,74","883,26K","-0,63%"
"28.09.2021","79,45","80,30","80,77","78,97","991,90K","-3,16%"
"27.09.2021","82,04","81,50","82,46","80,21","2,29M","2,29%"
"24.09.2021","80,20","79,94","80,41","79,36","948,24K","-0,78%"
"23.09.2021","80,83","79,17","80,87","78,94","1,08M","2,59%"
"22.09.2021","78,79","79,03","79,52","78,53","810,86K","-0,27%"
"21.09.2021","79,00","79,55","79,60","78,21","991,66K","-0,09%"
"20.09.2021","79,07","79,19","80,12","78,56","1,28M","-1,63%"
"17.09.2021","80,38","81,13","81,29","80,09","1,52M","-0,74%"
"16.09.2021","80,98","81,99","82,62","80,85","1,64M","-0,63%"
"15.09.2021","81,49","82,05","82,13","80,75","1,20M","-0,46%"
"14.09.2021","81,87","81,68","82,20","81,26","1,12M","0,17%"
"13.09.2021","81,73","80,65","81,88","79,86","1,55M","2,01%"
"10.09.2021","80,12","79,51","80,60","79,32","1,45M","1,79%"
"09.09.2021","78,71","77,79","79,05","77,72","992,13K","0,55%"
"08.09.2021","78,28","77,60","78,59","77,02","1,35M","0,85%"
"07.09.2021","77,62","79,10","79,17","77,61","1,23M","-1,56%"
"03.09.2021","78,85","77,64","78,90","77,41","1,14M","1,81%"
"02.09.2021","77,45","78,80","79,25","77,30","1,35M","-0,54%"
"01.09.2021","77,87","76,66","78,90","76,57","2,54M","1,26%"
"31.08.2021","76,90","73,88","77,05","73,70","3,53M","5,16%"
"30.08.2021","73,13","72,32","73,52","72,10","1,22M","0,99%"
"27.08.2021","72,41","70,49","72,42","70,12","1,71M","2,86%"
"26.08.2021","70,40","69,36","70,53","69,33","1,26M","1,28%"
"25.08.2021","69,51","69,53","69,63","68,97","631,39K","-0,54%"
"24.08.2021","69,89","69,01","69,95","68,82","1,05M","1,42%"
"23.08.2021","68,91","68,44","69,16","68,29","684,13K","1,17%"
"20.08.2021","68,11","68,19","68,72","67,74","700,13K","-0,21%"
"19.08.2021","68,25","67,73","68,86","67,73","773,86K","-0,48%"
"18.08.2021","68,58","69,06","69,34","68,45","779,90K","-0,71%"
"17.08.2021","69,07","69,50","69,95","68,83","903,80K","-0,63%"
"16.08.2021","69,51","68,32","69,52","68,29","1,44M","2,31%"
"13.08.2021","67,94","67,82","68,09","67,30","352,60K","0,34%"
"12.08.2021","67,71","68,70","68,87","67,53","815,58K","-1,40%"
"11.08.2021","68,67","67,70","68,76","67,70","1,40M","1,94%"
"10.08.2021","67,36","67,23","67,50","66,65","780,81K","-0,18%"
"09.08.2021","67,48","68,06","68,18","67,48","466,22K","-0,47%"
"06.08.2021","67,80","68,03","68,17","66,84","716,86K","-0,37%"
"05.08.2021","68,05","68,37","68,89","67,86","665,37K","-0,50%"
"04.08.2021","68,39","67,42","68,90","67,39","747,00K","1,29%"
"03.08.2021","67,52","67,53","67,70","67,14","949,91K","-0,01%"
"02.08.2021","67,53","68,37","68,52","67,49","993,88K","-0,59%"
"30.07.2021","67,93","67,64","68,56","67,64","1,09M","-1,47%"
"29.07.2021","68,94","69,05","69,17","68,29","1,22M","-0,03%"
"28.07.2021","68,96","69,36","69,79","68,41","1,28M","1,10%"
"27.07.2021","68,21","69,80","69,88","67,42","2,03M","-2,28%"
"26.07.2021","69,80","70,41","70,66","69,60","949,63K","-0,77%"
"23.07.2021","70,34","70,33","70,51","69,42","706,95K","0,59%"
"22.07.2021","69,93","70,22","70,29","69,62","593,20K","0,19%"
"21.07.2021","69,80","68,74","69,83","68,48","538,40K","1,79%"
"20.07.2021","68,57","68,11","68,99","67,56","557,37K","0,32%"
"19.07.2021","68,35","68,42","68,68","67,98","600,57K","-1,85%"
"16.07.2021","69,64","70,24","70,26","69,17","930,00K","-0,07%"
"15.07.2021","69,69","70,17","70,64","69,38","609,79K","-0,16%"
"14.07.2021","69,80","70,98","71,22","69,75","555,77K","-1,26%"
"13.07.2021","70,69","70,51","71,48","70,22","500,69K","-0,27%"
"12.07.2021","70,88","70,71","71,17","70,41","501,86K","0,62%"
"09.07.2021","70,44","71,32","71,34","69,26","1,07M","-1,81%"
"08.07.2021","71,74","70,35","71,91","69,65","1,38M","-0,13%"
"07.07.2021","71,83","71,61","72,70","71,21","1,65M","1,53%"
"06.07.2021","70,75","71,06","71,29","69,85","908,30K","-0,80%"
"02.07.2021","71,32","70,42","71,42","70,09","651,60K","1,29%"
"01.07.2021","70,41","70,99","71,07","69,72","658,05K","-0,48%"
"30.06.2021","70,75","70,83","71,06","70,29","969,95K","0,96%"
"29.06.2021","70,08","70,27","70,39","69,65","841,98K","-1,14%"
"28.06.2021","70,89","70,70","70,96","70,15","635,38K","0,51%"
"25.06.2021","70,53","69,97","70,65","69,96","731,75K","1,28%"
"24.06.2021","69,64","69,68","70,19","69,37","581,62K","0,53%"
"23.06.2021","69,27","68,95","69,62","68,63","1,01M","1,04%"
"22.06.2021","68,56","68,58","68,78","68,14","840,34K","0,13%"
"21.06.2021","68,47","69,77","69,82","68,40","1,04M","-1,60%"
"18.06.2021","69,58","69,08","70,27","68,71","1,98M","-0,30%"
"17.06.2021","69,79","68,97","69,97","68,52","1,07M","2,03%"
"16.06.2021","68,40","68,98","69,15","67,58","1,36M","0,46%"
"15.06.2021","68,09","70,42","70,45","68,02","1,76M","-3,45%"
"14.06.2021","70,52","70,01","70,63","69,75","527,77K","0,37%"
"11.06.2021","70,26","70,86","70,91","69,77","1,06M","0,63%"
"10.06.2021","69,82","69,11","69,87","68,94","1,00M","1,88%"
"09.06.2021","68,53","68,06","69,67","68,02","1,80M","1,36%"
"08.06.2021","67,61","67,71","68,14","67,31","945,77K","0,19%"
"07.06.2021","67,48","67,27","67,73","66,87","750,22K","-0,21%"
"04.06.2021","67,62","67,02","67,85","66,87","1,60M","1,30%"
"03.06.2021","66,75","67,19","67,21","66,67","783,99K","-1,26%"
"02.06.2021","67,60","67,49","68,06","67,06","1,21M","0,67%"
"01.06.2021","67,15","68,43","68,43","66,54","1,50M","-0,58%"
"28.05.2021","67,54","67,98","68,19","67,47","1,39M","-0,53%"
"27.05.2021","67,90","68,00","68,45","67,69","1,45M","-0,16%"
"26.05.2021","68,01","67,04","68,06","67,02","827,91K","1,72%"
"25.05.2021","66,86","67,01","67,21","66,43","932,76K","0,30%"
"24.05.2021","66,66","64,83","66,70","64,80","1,66M","2,73%"
"21.05.2021","64,89","64,80","65,37","64,57","1,10M","0,15%"
"20.05.2021","64,79","63,82","64,81","63,82","1,15M","0,81%"
"19.05.2021","64,27","63,62","64,30","63,14","1,22M","-0,65%"
"18.05.2021","64,69","63,90","65,18","63,87","2,11M","1,60%"
"17.05.2021","63,67","62,38","63,76","62,26","1,08M","0,38%"
"14.05.2021","63,43","62,91","63,56","62,58","1,06M","1,42%"
"13.05.2021","62,54","62,49","63,00","61,98","1,14M","1,58%"
"12.05.2021","61,57","62,63","63,16","61,37","1,57M","-2,70%"
"11.05.2021","63,28","62,00","63,32","61,53","1,42M","0,05%"
"10.05.2021","63,25","65,02","65,07","63,10","1,48M","-3,60%"
"07.05.2021","65,61","65,25","65,76","64,99","875,21K","1,05%"
"06.05.2021","64,93","65,01","65,35","63,81","1,28M","-0,03%"
"05.05.2021","64,95","64,96","65,87","64,78","1,17M","1,14%"
"04.05.2021","64,22","64,25","64,38","62,92","1,46M","-0,45%"
"03.05.2021","64,51","66,04","66,07","64,33","828,62K","-1,59%"
"30.04.2021","65,55","65,70","66,61","65,43","1,90M","-3,22%"
"29.04.2021","67,73","66,12","67,82","65,57","3,64M","4,26%"
"28.04.2021","64,96","63,84","65,00","63,50","2,40M","2,49%"
"27.04.2021","63,38","63,14","63,52","62,33","1,56M","0,62%"
"26.04.2021","62,99","61,53","63,05","61,43","2,03M","3,47%"
"23.04.2021","60,88","61,05","61,23","60,18","2,11M","0,00%"
"22.04.2021","60,88","61,58","61,84","60,70","1,84M","0,28%"
"21.04.2021","60,71","60,67","60,80","60,34","879,00K","-0,18%"
"20.04.2021","60,82","60,86","61,33","60,10","1,77M","-0,39%"
"19.04.2021","61,06","61,93","62,01","60,89","1,22M","-1,40%"
"16.04.2021","61,93","61,55","62,00","61,32","942,57K","0,93%"
"15.04.2021","61,36","60,86","61,55","60,74","1,50M","0,59%"
"14.04.2021","61,00","61,75","62,27","60,83","5,13M","1,96%"
"13.04.2021","59,83","62,85","63,36","58,91","13,37M","-4,81%"
"12.04.2021","62,85","62,77","62,90","62,06","1,10M","1,34%"
"09.04.2021","62,02","62,78","62,98","61,93","1,15M","-2,70%"
"08.04.2021","63,74","63,35","64,50","63,05","1,75M","1,71%"
"07.04.2021","62,67","63,41","63,46","62,55","1,73M","-2,64%"
"06.04.2021","64,37","64,14","64,83","64,00","1,64M","-0,57%"
"05.04.2021","64,74","64,90","64,96","64,45","733,22K","-0,35%"
"01.04.2021","64,97","64,60","65,19","64,30","1,17M","1,42%"
"31.03.2021","64,06","63,07","65,07","63,02","2,01M","1,46%"
"30.03.2021","63,14","62,49","63,41","62,02","1,21M","-0,94%"
"29.03.2021","63,74","63,19","63,79","62,29","1,08M","1,16%"
"26.03.2021","63,01","63,05","63,39","61,74","1,31M","1,40%"
"25.03.2021","62,14","62,71","63,02","60,99","2,18M","-1,46%"
"24.03.2021","63,06","64,50","64,66","63,06","1,12M","-2,16%"
"23.03.2021","64,45","64,60","65,17","64,08","898,00K","-1,27%"
"22.03.2021","65,28","66,07","66,07","65,16","1,22M","-0,41%"
"19.03.2021","65,55","65,84","66,57","64,85","1,71M","0,49%"
"18.03.2021","65,23","67,81","68,01","64,84","3,00M","-4,79%"
"17.03.2021","68,51","69,10","69,21","66,95","2,65M","-3,38%"
"16.03.2021","70,91","69,21","71,20","69,17","3,55M","1,98%"
"15.03.2021","69,53","67,65","69,53","67,44","1,79M","2,55%"
"12.03.2021","67,80","65,66","67,81","65,58","2,19M","1,53%"
"11.03.2021","66,78","64,66","66,90","64,55","2,32M","4,79%"
"10.03.2021","63,73","64,44","64,95","63,17","1,76M","0,38%"
"09.03.2021","63,49","63,24","64,46","62,21","2,31M","5,27%"
"08.03.2021","60,31","63,52","63,99","60,20","2,10M","-5,22%"
"05.03.2021","63,63","63,92","64,09","62,12","3,56M","1,39%"
"04.03.2021","62,76","66,41","67,01","62,64","3,68M","-5,04%"
"03.03.2021","66,09","68,62","68,63","65,78","3,39M","-2,71%"
"02.03.2021","67,93","67,99","68,71","67,62","1,89M","0,83%"
"01.03.2021","67,37","65,94","67,70","65,92","1,81M","5,30%"
"26.02.2021","63,98","65,17","65,25","63,91","1,35M","-1,14%"
"25.02.2021","64,72","66,51","67,24","64,57","2,00M","-3,36%"
"24.02.2021","66,97","67,06","67,73","66,37","2,00M","-0,46%"
"23.02.2021","67,28","64,89","67,60","63,75","1,47M","2,06%"
"22.02.2021","65,92","66,76","67,32","65,89","1,77M","-1,99%"
"19.02.2021","67,26","69,23","69,23","66,72","2,81M","-0,50%"
"18.02.2021","67,60","68,80","69,02","67,50","2,22M","-3,64%"
"17.02.2021","70,15","70,64","70,99","68,85","3,28M","-3,60%"
"16.02.2021","72,77","72,89","74,32","72,22","2,14M","-1,44%"
"12.02.2021","73,83","72,04","74,11","72,04","1,70M","1,25%"
"11.02.2021","72,92","71,74","73,26","71,15","1,69M","1,70%"
"10.02.2021","71,70","70,66","72,45","70,24","2,20M","2,71%"
"09.02.2021","69,81","68,33","69,95","68,09","2,02M","2,09%"
"08.02.2021","68,38","67,25","68,39","67,15","1,13M","2,09%"
"05.02.2021","66,98","66,35","67,05","65,79","1,08M","0,77%"
"04.02.2021","66,47","65,41","66,63","64,77","1,33M","2,75%"
"03.02.2021","64,69","65,18","65,87","64,52","1,46M","-1,45%"
"02.02.2021","65,64","65,21","65,85","64,44","2,09M","3,21%"
"01.02.2021","63,60","62,99","63,82","62,79","1,62M","1,53%"
"29.01.2021","62,64","63,96","63,99","62,20","1,28M","-2,03%"
"28.01.2021","63,94","64,12","64,77","63,70","1,13M","0,53%"
"27.01.2021","63,60","64,74","64,79","62,86","2,04M","-2,30%"
"26.01.2021","65,10","65,65","66,14","64,99","1,48M","0,02%"
"25.01.2021","65,09","67,29","67,39","64,41","4,56M","-2,03%"
"22.01.2021","66,44","67,92","68,11","66,41","2,00M","-3,22%"
"21.01.2021","68,65","69,09","69,97","67,80","1,66M","-2,42%"
"20.01.2021","70,35","68,08","70,57","68,01","2,01M","3,33%"
"19.01.2021","68,08","67,74","68,18","67,21","2,15M","1,13%"
"15.01.2021","67,32","69,33","69,52","66,93","1,88M","-2,84%"
"14.01.2021","69,29","69,30","69,59","68,44","1,11M","0,43%"
"13.01.2021","68,99","69,52","69,66","68,50","1,16M","-0,88%"
"12.01.2021","69,60","69,97","70,07","68,88","755,49K","-0,46%"
"11.01.2021","69,92","70,05","70,87","69,53","1,11M","-1,38%"
"08.01.2021","70,90","71,65","72,03","70,10","1,77M","0,00%"
"07.01.2021","70,90","70,27","71,00","68,76","1,22M","1,13%"
"06.01.2021","70,11","70,60","71,12","69,50","2,27M","-2,84%"
"05.01.2021","72,16","69,56","72,95","69,47","2,22M","3,46%"
"04.01.2021","69,75","70,84","71,17","68,70","2,12M","0,24%"
"31.12.2020","69,58","69,45","69,75","68,75","891,93K","0,12%"
"30.12.2020","69,50","67,62","69,68","67,53","1,20M","2,95%"
"29.12.2020","67,51","68,52","68,64","67,38","605,85K","-1,01%"
"28.12.2020","68,20","68,44","68,87","67,55","856,21K","0,81%"
"24.12.2020","67,65","68,18","68,29","67,17","370,63K","-0,06%"
"23.12.2020","67,69","67,73","68,77","67,64","822,04K","0,86%"
"22.12.2020","67,11","67,28","67,44","66,30","1,00M","0,03%"
"21.12.2020","67,09","67,76","67,83","66,73","1,79M","-3,15%"
"18.12.2020","69,27","70,65","70,79","69,13","1,77M","-1,95%"
"17.12.2020","70,65","71,57","72,40","70,11","1,05M","-0,21%"
"16.12.2020","70,80","69,41","71,00","69,35","2,59M","2,77%"
"15.12.2020","68,89","68,99","69,11","68,23","1,41M","0,97%"
"14.12.2020","68,23","70,16","70,16","67,95","1,84M","-2,92%"
"11.12.2020","70,28","70,05","70,72","69,93","805,20K","-0,57%"
"10.12.2020","70,68","68,56","71,05","68,01","2,20M","2,39%"
"09.12.2020","69,03","69,85","70,97","68,36","1,21M","0,09%"
"08.12.2020","68,97","67,92","69,20","67,62","1,38M","1,43%"
"07.12.2020","68,00","68,89","69,05","67,66","1,43M","-0,07%"
"04.12.2020","68,05","68,85","69,18","68,01","1,77M","-1,86%"
"03.12.2020","69,34","69,28","69,68","68,81","1,45M","0,20%"
"02.12.2020","69,20","69,12","69,50","68,65","1,17M","-1,21%"
"01.12.2020","70,05","69,82","70,53","69,19","2,36M","1,58%"
"30.11.2020","68,96","70,02","70,02","68,74","3,77M","2,63%"
"27.11.2020","67,19","66,61","68,03","66,49","1,34M","2,39%"
"25.11.2020","65,62","64,84","65,73","64,74","1,86M","0,37%"
"24.11.2020","65,38","64,11","65,55","63,82","2,87M","6,36%"
"23.11.2020","61,47","62,85","62,91","61,33","1,62M","-0,76%"
"20.11.2020","61,94","62,45","62,96","61,94","870,21K","-0,94%"
"19.11.2020","62,53","61,59","62,57","61,19","1,25M","1,31%"
"18.11.2020","61,72","61,87","62,47","61,55","988,58K","0,37%"
"17.11.2020","61,49","61,71","61,72","60,72","1,58M","-0,98%"
"16.11.2020","62,10","62,05","62,23","61,33","1,22M","-0,02%"
"13.11.2020","62,11","61,41","62,11","61,15","1,06M","1,84%"
"12.11.2020","60,99","61,61","61,95","60,90","961,89K","-0,33%"
"11.11.2020","61,19","60,93","61,83","60,74","1,87M","-0,20%"
"10.11.2020","61,31","62,96","63,52","61,08","2,69M","-5,72%"
"09.11.2020","65,03","65,28","66,43","65,00","3,13M","1,91%"
"06.11.2020","63,81","62,93","63,90","62,51","1,44M","1,11%"
"05.11.2020","63,11","62,17","63,24","61,74","2,23M","3,05%"
"04.11.2020","61,24","59,36","61,50","59,17","2,74M","6,12%"
"03.11.2020","57,71","57,47","58,10","57,02","993,06K","1,46%"
"02.11.2020","56,88","57,47","58,25","56,51","2,07M","-1,20%"
"30.10.2020","57,57","57,73","57,94","56,81","2,18M","-2,26%"
"29.10.2020","58,90","58,25","59,11","57,89","1,72M","1,83%"
"28.10.2020","57,84","57,58","58,43","57,36","3,33M","-2,84%"
"27.10.2020","59,53","59,02","59,87","58,64","2,35M","0,68%"
"26.10.2020","59,13","58,39","59,20","58,16","2,04M","0,02%"
"23.10.2020","59,12","58,60","59,26","58,22","1,61M","1,93%"
"22.10.2020","58,00","58,03","58,68","57,02","1,94M","1,36%"
"21.10.2020","57,22","55,65","57,87","55,62","2,77M","1,94%"
"20.10.2020","56,13","57,47","57,66","55,72","3,76M","-1,44%"
"19.10.2020","56,95","58,07","58,81","56,94","2,79M","-1,79%"
"16.10.2020","57,99","59,75","60,12","57,78","3,83M","-4,51%"
"15.10.2020","60,73","60,14","61,04","59,78","1,88M","-1,03%"
"14.10.2020","61,36","62,80","62,89","61,18","1,57M","-2,12%"
"13.10.2020","62,69","62,15","63,01","61,83","1,28M","1,85%"
"12.10.2020","61,55","61,60","61,88","60,95","1,76M","1,02%"
"09.10.2020","60,93","60,81","61,95","60,57","2,45M","0,23%"
"08.10.2020","60,79","61,55","61,59","60,57","2,56M","-0,10%"
"07.10.2020","60,85","62,07","62,26","60,63","2,95M","-1,66%"
"06.10.2020","61,88","63,77","64,01","61,75","2,86M","-2,80%"
"05.10.2020","63,66","62,56","64,00","62,36","1,73M","1,86%"
"02.10.2020","62,50","62,32","63,62","62,25","1,53M","-1,67%"
"01.10.2020","63,56","65,65","65,79","63,30","2,59M","-2,59%"
"30.09.2020","65,25","64,77","65,46","64,58","1,58M","0,97%"
"29.09.2020","64,62","63,95","64,77","63,77","1,92M","0,64%"
"28.09.2020","64,21","64,30","64,53","63,64","1,95M","1,39%"
"25.09.2020","63,33","62,04","63,45","61,53","3,20M","2,59%"
"24.09.2020","61,73","63,39","63,78","61,67","3,94M","-4,74%"
"23.09.2020","64,80","67,75","69,60","64,53","8,36M","-1,91%"
"22.09.2020","66,06","60,30","66,34","58,94","11,00M","11,80%"
"21.09.2020","59,09","59,17","59,62","58,72","2,68M","-3,08%"
"18.09.2020","60,97","60,92","61,50","60,14","2,13M","0,10%"
"17.09.2020","60,91","59,96","60,94","59,39","2,50M","-1,01%"
"16.09.2020","61,53","61,79","62,41","61,37","2,27M","-1,19%"
"15.09.2020","62,27","63,76","63,76","62,07","3,42M","-0,50%"
"14.09.2020","62,58","62,15","62,99","62,06","1,39M","1,23%"
"11.09.2020","61,82","61,87","62,51","61,09","2,43M","1,43%"
"10.09.2020","60,95","62,97","63,12","60,89","2,76M","-2,60%"
"09.09.2020","62,58","62,08","62,73","61,81","2,79M","2,37%"
"08.09.2020","61,13","62,56","62,68","60,98","6,39M","-5,14%"
"04.09.2020","64,44","65,91","65,96","63,10","6,51M","-1,24%"
"03.09.2020","65,25","66,45","66,79","64,71","5,00M","-3,45%"
"02.09.2020","67,58","67,97","68,27","65,03","5,13M","-0,37%"
"01.09.2020","67,83","68,87","69,40","67,74","5,71M","-0,59%"
"31.08.2020","68,23","68,20","70,11","66,65","19,73M","4,57%"
"28.08.2020","65,25","65,40","66,19","65,00","2,51M","1,02%"
"27.08.2020","64,59","65,68","65,78","63,86","3,18M","-1,40%"
"26.08.2020","65,51","65,67","66,47","65,13","5,11M","-2,18%"
"25.08.2020","66,97","66,25","67,11","65,70","3,17M","2,62%"
"24.08.2020","65,26","64,84","65,27","64,42","3,44M","2,66%"
"21.08.2020","63,57","63,39","64,13","63,16","3,29M","-0,09%"
"20.08.2020","63,63","63,42","63,74","62,41","5,64M","1,87%"
"19.08.2020","62,46","62,18","62,95","61,85","4,54M","1,73%"
"18.08.2020","61,40","61,50","61,73","60,97","3,90M","1,30%"
"17.08.2020","60,61","61,01","61,60","60,51","6,71M","0,93%"
"14.08.2020","60,05","60,64","60,65","59,92","2,85M","0,94%"
"13.08.2020","59,49","60,81","61,40","59,01","5,58M","2,71%"
"12.08.2020","57,92","57,75","58,74","57,28","2,35M","1,61%"
"11.08.2020","57,00","57,79","58,25","56,68","2,69M","0,00%"
"10.08.2020","57,00","58,96","59,06","56,98","2,31M","-3,65%"
"07.08.2020","59,16","59,72","60,00","58,53","1,28M","-1,40%"
"06.08.2020","60,00","59,64","60,18","59,59","1,65M","0,33%"
"05.08.2020","59,80","59,42","59,83","59,11","1,51M","1,89%"
"04.08.2020","58,69","58,42","58,91","58,25","1,20M","0,22%"
"03.08.2020","58,56","58,35","59,04","57,78","1,64M","1,77%"
"31.07.2020","57,54","57,39","57,54","56,72","1,89M","0,54%"
"30.07.2020","57,23","56,51","57,24","55,79","1,63M","-0,66%"
"29.07.2020","57,61","57,67","57,84","57,09","2,16M","1,07%"
"28.07.2020","57,00","55,16","57,34","54,74","3,38M","-1,54%"
"27.07.2020","57,89","56,66","58,02","56,47","2,27M","2,97%"
"24.07.2020","56,22","55,54","56,44","55,19","1,91M","0,02%"
"23.07.2020","56,21","55,90","56,59","55,27","2,82M","-0,57%"
"22.07.2020","56,53","55,79","56,64","55,76","1,52M","0,91%"
"21.07.2020","56,02","56,88","56,97","55,68","2,20M","-0,30%"
"20.07.2020","56,19","55,49","56,28","54,85","2,35M","2,65%"
"17.07.2020","54,74","55,01","55,22","54,23","2,65M","2,34%"
"16.07.2020","53,49","54,01","54,34","53,33","3,30M","-2,43%"
"15.07.2020","54,82","54,14","54,91","53,85","3,01M","2,76%"
"14.07.2020","53,35","50,83","53,41","50,80","4,96M","3,15%"
"13.07.2020","51,72","51,51","52,69","51,42","5,30M","0,76%"
"10.07.2020","51,33","51,82","51,99","50,64","1,44M","-0,10%"
"09.07.2020","51,38","50,96","51,80","50,35","2,11M","2,29%"
"08.07.2020","50,23","50,61","50,62","49,89","2,37M","0,52%"
"07.07.2020","49,97","50,82","50,84","49,88","2,62M","-0,91%"
"06.07.2020","50,43","50,61","51,77","50,36","3,19M","0,62%"
"02.07.2020","50,12","50,39","50,66","49,96","1,94M","1,27%"
"01.07.2020","49,49","49,62","50,04","49,32","1,60M","-1,06%"
"30.06.2020","50,02","48,72","50,14","48,64","2,08M","1,58%"
"29.06.2020","49,24","48,97","49,63","48,59","2,39M","0,43%"
"26.06.2020","49,03","50,27","50,32","48,96","2,64M","-3,01%"
"25.06.2020","50,55","50,14","50,75","49,44","7,33M","0,50%"
"24.06.2020","50,30","49,92","50,46","48,80","4,61M","2,65%"
"23.06.2020","49,00","47,71","49,91","47,14","5,23M","4,39%"
"22.06.2020","46,94","46,01","47,27","45,94","2,57M","2,89%"
"19.06.2020","45,62","45,56","45,67","45,00","3,20M","2,38%"
"18.06.2020","44,56","43,85","44,87","43,77","2,12M","1,36%"
"17.06.2020","43,96","43,74","44,11","43,63","1,93M","0,96%"
"16.06.2020","43,54","43,19","44,19","42,81","2,86M","1,54%"
"15.06.2020","42,88","41,20","43,26","41,19","2,93M","1,66%"
"12.06.2020","42,18","41,46","42,24","41,01","2,69M","4,69%"
"11.06.2020","40,29","40,75","41,51","40,23","1,82M","-4,46%"
"10.06.2020","42,17","42,38","42,46","41,60","1,01M","0,43%"
"09.06.2020","41,99","41,84","42,38","41,77","1,19M","-1,08%"
"08.06.2020","42,45","42,39","42,59","41,89","1,50M","0,31%"
"05.06.2020","42,32","41,95","42,59","41,89","1,33M","2,42%"
"04.06.2020","41,32","41,01","41,55","40,98","2,09M","-0,36%"
"03.06.2020","41,47","41,38","42,00","41,20","1,70M","1,05%"
"02.06.2020","41,04","41,42","41,55","40,74","2,56M","0,10%"
"01.06.2020","41,00","40,63","41,10","40,39","2,11M","1,91%"
"29.05.2020","40,23","40,44","40,47","39,76","3,21M","-1,01%"
"28.05.2020","40,64","40,86","41,42","40,40","2,34M","-0,07%"
"27.05.2020","40,67","40,81","40,83","39,46","2,58M","0,59%"
"26.05.2020","40,43","41,77","41,77","40,38","2,67M","0,42%"
"22.05.2020","40,26","40,77","40,78","40,16","1,36M","-0,91%"
"21.05.2020","40,63","41,73","41,73","40,58","1,86M","-1,65%"
"20.05.2020","41,31","41,64","41,77","41,05","2,60M","1,52%"
"19.05.2020","40,69","40,70","41,26","40,46","1,25M","-0,56%"
"18.05.2020","40,92","40,11","41,00","39,99","2,19M","4,95%"
"15.05.2020","38,99","38,44","39,48","37,93","1,52M","0,41%"
"14.05.2020","38,83","38,17","38,87","37,47","1,54M","0,31%"
"13.05.2020","38,71","40,03","40,19","38,21","2,43M","-3,23%"
"12.05.2020","40,00","40,51","40,90","39,73","1,70M","-0,45%"
"11.05.2020","40,18","40,50","40,50","39,77","1,47M","-1,37%"
"08.05.2020","40,74","40,50","40,81","40,30","1,52M","1,09%"
"07.05.2020","40,30","39,07","40,62","38,81","3,22M","4,65%"
"06.05.2020","38,51","38,27","38,83","37,94","1,23M","0,34%"
"05.05.2020","38,38","38,45","38,89","38,23","1,77M","1,00%"
"04.05.2020","38,00","37,45","38,04","37,12","1,67M","1,58%"
"01.05.2020","37,41","37,21","37,68","36,63","1,48M","-0,98%"
"30.04.2020","37,78","38,71","39,22","37,36","3,20M","-4,62%"
"29.04.2020","39,61","38,29","39,80","38,19","3,47M","5,37%"
"28.04.2020","37,59","38,23","38,50","36,59","3,50M","1,70%"
"27.04.2020","36,96","35,67","36,99","35,67","2,61M","2,67%"
"24.04.2020","36,00","35,51","36,04","35,01","1,68M","2,13%"
"23.04.2020","35,25","35,43","35,73","34,96","1,10M","0,86%"
"22.04.2020","34,95","35,12","35,14","34,51","1,90M","2,73%"
"21.04.2020","34,02","34,10","34,84","33,79","4,17M","-3,93%"
"20.04.2020","35,41","35,71","37,09","35,26","3,85M","-3,30%"
"17.04.2020","36,62","35,74","36,74","35,26","3,40M","4,72%"
"16.04.2020","34,97","35,66","35,71","34,64","3,46M","0,23%"
"15.04.2020","34,89","35,34","35,39","34,40","3,66M","-5,32%"
"14.04.2020","36,85","37,18","38,24","36,82","2,67M","0,41%"
"13.04.2020","36,70","35,99","36,79","35,81","2,81M","1,55%"
"09.04.2020","36,14","36,70","36,86","35,67","2,64M","0,58%"
"08.04.2020","35,93","35,21","36,20","34,93","3,12M","4,14%"
"07.04.2020","34,50","35,11","35,77","34,46","3,32M","1,86%"
"06.04.2020","33,87","33,62","34,26","33,47","3,56M","4,60%"
"03.04.2020","32,38","33,36","33,53","32,08","2,21M","-0,71%"
"02.04.2020","32,61","32,50","33,20","31,85","3,76M","0,56%"
"01.04.2020","32,43","33,00","33,48","32,05","3,85M","-4,76%"
"31.03.2020","34,05","34,00","35,22","33,76","3,25M","0,50%"
"30.03.2020","33,88","33,31","33,93","32,78","2,97M","2,73%"
"27.03.2020","32,98","32,89","33,78","32,39","2,41M","-5,28%"
"26.03.2020","34,82","33,07","34,88","32,95","2,67M","4,19%"
"25.03.2020","33,42","31,87","34,45","31,64","2,57M","4,80%"
"24.03.2020","31,89","30,95","32,15","30,64","3,00M","9,44%"
"23.03.2020","29,14","30,63","30,69","28,37","3,48M","-2,57%"
"20.03.2020","29,91","31,39","31,58","29,66","4,09M","-2,32%"
"19.03.2020","30,62","29,00","31,34","28,16","3,21M","5,91%"
"18.03.2020","28,91","28,32","30,30","27,93","4,05M","-8,69%"
"17.03.2020","31,66","31,16","33,33","30,06","3,60M","2,79%"
"16.03.2020","30,80","30,67","32,52","29,94","3,79M","-9,25%"
"13.03.2020","33,94","34,91","35,29","33,05","5,29M","5,67%"
"12.03.2020","32,12","32,33","34,00","32,03","4,44M","-10,45%"
"11.03.2020","35,87","35,61","36,50","35,16","5,62M","-2,84%"
"10.03.2020","36,92","37,68","38,04","35,69","4,96M","7,83%"
"09.03.2020","34,24","35,65","35,65","33,25","8,47M","-13,34%"
"06.03.2020","39,51","38,66","39,68","38,58","3,17M","-2,40%"
"05.03.2020","40,48","40,13","40,92","40,02","2,74M","-2,29%"
"04.03.2020","41,43","40,71","41,50","40,03","2,56M","3,96%"
"03.03.2020","39,85","41,50","41,80","39,22","3,85M","-2,59%"
"02.03.2020","40,91","40,85","41,28","40,05","3,64M","0,74%"
"28.02.2020","40,61","38,75","40,71","38,70","4,99M","1,20%"
"27.02.2020","40,13","40,07","41,33","40,05","3,94M","-3,30%"
"26.02.2020","41,50","40,44","41,79","40,25","7,42M","3,59%"
"25.02.2020","40,06","42,70","42,73","39,83","16,16M","-4,66%"
"24.02.2020","42,02","42,85","43,45","41,86","3,78M","-5,66%"
"21.02.2020","44,54","46,17","46,29","44,00","4,23M","-4,56%"
"20.02.2020","46,67","46,68","46,90","45,97","3,94M","1,13%"
"19.02.2020","46,15","46,11","46,40","45,88","2,11M","1,63%"
"18.02.2020","45,41","45,95","46,34","45,32","5,81M","-2,49%"
"14.02.2020","46,57","47,05","47,80","46,48","4,14M","-4,22%"
"13.02.2020","48,62","48,40","48,95","48,21","1,72M","0,14%"
"12.02.2020","48,55","48,50","48,91","48,00","3,57M","0,58%"
"11.02.2020","48,27","48,60","48,73","47,96","2,23M","0,46%"
"10.02.2020","48,05","48,21","48,23","47,84","2,44M","-0,91%"
"07.02.2020","48,49","48,21","48,68","48,01","1,72M","0,60%"
"06.02.2020","48,20","47,92","48,32","47,65","1,89M","-0,10%"
"05.02.2020","48,25","48,76","48,82","47,60","2,56M","0,50%"
"04.02.2020","48,01","47,26","48,19","46,82","3,70M","4,37%"
"03.02.2020","46,00","45,27","46,02","45,09","1,61M","2,66%"
"31.01.2020","44,81","45,50","45,55","44,59","2,70M","-2,37%"
"30.01.2020","45,90","45,41","45,95","45,30","1,68M","-0,46%"
"29.01.2020","46,11","45,76","46,58","45,49","3,55M","1,18%"
"28.01.2020","45,57","44,67","45,62","44,16","2,20M","2,27%"
"27.01.2020","44,56","43,74","44,96","43,63","2,30M","-1,81%"
"24.01.2020","45,38","45,20","45,63","44,95","2,11M","1,07%"
"23.01.2020","44,90","45,04","45,60","44,42","1,68M","-0,99%"
"22.01.2020","45,35","44,26","45,77","44,24","2,43M","0,67%"
"21.01.2020","45,05","45,01","45,16","44,58","2,24M","-0,77%"
"17.01.2020","45,40","44,63","45,46","44,34","3,33M","2,88%"
"16.01.2020","44,13","44,78","44,82","43,64","2,61M","2,08%"
"15.01.2020","43,23","43,80","43,98","43,19","1,55M","-0,69%"
"14.01.2020","43,53","44,30","44,67","43,23","1,61M","-1,74%"
"13.01.2020","44,30","44,46","44,46","43,87","1,93M","0,54%"
"10.01.2020","44,06","44,70","44,83","43,81","1,39M","-1,08%"
"09.01.2020","44,54","44,41","44,77","44,14","2,16M","1,76%"
"08.01.2020","43,77","43,36","44,05","43,27","1,34M","1,41%"
"07.01.2020","43,16","43,17","43,43","42,84","1,27M","0,14%"
"06.01.2020","43,10","43,12","43,30","42,83","1,16M","-0,25%"
"03.01.2020","43,21","43,40","43,77","43,00","1,40M","-1,97%"
"02.01.2020","44,08","43,83","44,21","43,59","973,94K","1,36%"